"grid","EASTING","NORTHING"
"HP40",445000,1205000
"HP50",455000,1205000
"HP51",455000,1215000
"HP60",465000,1205000
"HP61",465000,1215000
"HP62",465000,1225000
"HT93",395000,1135000
"HT94",395000,1145000
"HU14",415000,1145000
"HU15",415000,1155000
"HU16",415000,1165000
"HU24",425000,1145000
"HU25",425000,1155000
"HU26",425000,1165000
"HU27",425000,1175000
"HU28",425000,1185000
"HU30",435000,1105000
"HU31",435000,1115000
"HU32",435000,1125000
"HU33",435000,1135000
"HU34",435000,1145000
"HU35",435000,1155000
"HU36",435000,1165000
"HU37",435000,1175000
"HU38",435000,1185000
"HU39",435000,1195000
"HU40",445000,1105000
"HU41",445000,1115000
"HU42",445000,1125000
"HU43",445000,1135000
"HU44",445000,1145000
"HU45",445000,1155000
"HU46",445000,1165000
"HU47",445000,1175000
"HU48",445000,1185000
"HU49",445000,1195000
"HU53",455000,1135000
"HU54",455000,1145000
"HU55",455000,1155000
"HU56",455000,1165000
"HU57",455000,1175000
"HU58",455000,1185000
"HU59",455000,1195000
"HU66",465000,1165000
"HU67",465000,1175000
"HU68",465000,1185000
"HU69",465000,1195000
"HU77",475000,1175000
"HW83",185000,1035000
"HX62",265000,1025000
"HY10",315000,1005000
"HY20",325000,1005000
"HY21",325000,1015000
"HY22",325000,1025000
"HY23",325000,1035000
"HY30",335000,1005000
"HY31",335000,1015000
"HY32",335000,1025000
"HY33",335000,1035000
"HY34",335000,1045000
"HY40",345000,1005000
"HY41",345000,1015000
"HY42",345000,1025000
"HY43",345000,1035000
"HY44",345000,1045000
"HY45",345000,1055000
"HY50",355000,1005000
"HY51",355000,1015000
"HY52",355000,1025000
"HY53",355000,1035000
"HY54",355000,1045000
"HY55",355000,1055000
"HY60",365000,1005000
"HY61",365000,1015000
"HY62",365000,1025000
"HY63",365000,1035000
"HY64",365000,1045000
"HY73",375000,1035000
"HY74",375000,1045000
"HY75",375000,1055000
"HZ16",415000,1065000
"HZ17",415000,1075000
"HZ26",425000,1065000
"HZ27",425000,1075000
"NA00",5000,905000
"NA10",15000,905000
"NA91",95000,915000
"NA92",95000,925000
"NA93",95000,935000
"NB00",105000,905000
"NB01",105000,915000
"NB02",105000,925000
"NB03",105000,935000
"NB10",115000,905000
"NB11",115000,915000
"NB12",115000,925000
"NB13",115000,935000
"NB14",115000,945000
"NB20",125000,905000
"NB21",125000,915000
"NB22",125000,925000
"NB23",125000,935000
"NB24",125000,945000
"NB25",125000,955000
"NB30",135000,905000
"NB31",135000,915000
"NB32",135000,925000
"NB33",135000,935000
"NB34",135000,945000
"NB35",135000,955000
"NB41",145000,915000
"NB42",145000,925000
"NB43",145000,935000
"NB44",145000,945000
"NB45",145000,955000
"NB46",145000,965000
"NB52",155000,925000
"NB53",155000,935000
"NB54",155000,945000
"NB55",155000,955000
"NB56",155000,965000
"NB90",195000,905000
"NB91",195000,915000
"NC00",205000,905000
"NC01",205000,915000
"NC02",205000,925000
"NC03",205000,935000
"NC10",215000,905000
"NC11",215000,915000
"NC12",215000,925000
"NC13",215000,935000
"NC14",215000,945000
"NC15",215000,955000
"NC16",215000,965000
"NC20",225000,905000
"NC21",225000,915000
"NC22",225000,925000
"NC23",225000,935000
"NC24",225000,945000
"NC25",225000,955000
"NC26",225000,965000
"NC27",225000,975000
"NC30",235000,905000
"NC31",235000,915000
"NC32",235000,925000
"NC33",235000,935000
"NC34",235000,945000
"NC35",235000,955000
"NC36",235000,965000
"NC37",235000,975000
"NC40",245000,905000
"NC41",245000,915000
"NC42",245000,925000
"NC43",245000,935000
"NC44",245000,945000
"NC45",245000,955000
"NC46",245000,965000
"NC50",255000,905000
"NC51",255000,915000
"NC52",255000,925000
"NC53",255000,935000
"NC54",255000,945000
"NC55",255000,955000
"NC56",255000,965000
"NC60",265000,905000
"NC61",265000,915000
"NC62",265000,925000
"NC63",265000,935000
"NC64",265000,945000
"NC65",265000,955000
"NC66",265000,965000
"NC70",275000,905000
"NC71",275000,915000
"NC72",275000,925000
"NC73",275000,935000
"NC74",275000,945000
"NC75",275000,955000
"NC76",275000,965000
"NC80",285000,905000
"NC81",285000,915000
"NC82",285000,925000
"NC83",285000,935000
"NC84",285000,945000
"NC85",285000,955000
"NC86",285000,965000
"NC90",295000,905000
"NC91",295000,915000
"NC92",295000,925000
"NC93",295000,935000
"NC94",295000,945000
"NC95",295000,955000
"NC96",295000,965000
"ND01",305000,915000
"ND02",305000,925000
"ND03",305000,935000
"ND04",305000,945000
"ND05",305000,955000
"ND06",305000,965000
"ND07",305000,975000
"ND12",315000,925000
"ND13",315000,935000
"ND14",315000,945000
"ND15",315000,955000
"ND16",315000,965000
"ND17",315000,975000
"ND19",315000,995000
"ND23",325000,935000
"ND24",325000,945000
"ND25",325000,955000
"ND26",325000,965000
"ND27",325000,975000
"ND28",325000,985000
"ND29",325000,995000
"ND33",335000,935000
"ND34",335000,945000
"ND35",335000,955000
"ND36",335000,965000
"ND37",335000,975000
"ND38",335000,985000
"ND39",335000,995000
"ND47",345000,975000
"ND48",345000,985000
"ND49",345000,995000
"ND59",355000,995000
"NF09",5000,895000
"NF19",15000,895000
"NF60",65000,805000
"NF66",65000,865000
"NF67",65000,875000
"NF68",65000,885000
"NF70",75000,805000
"NF71",75000,815000
"NF72",75000,825000
"NF73",75000,835000
"NF74",75000,845000
"NF75",75000,855000
"NF76",75000,865000
"NF77",75000,875000
"NF81",85000,815000
"NF82",85000,825000
"NF83",85000,835000
"NF84",85000,845000
"NF85",85000,855000
"NF86",85000,865000
"NF87",85000,875000
"NF88",85000,885000
"NF95",95000,855000
"NF96",95000,865000
"NF97",95000,875000
"NF98",95000,885000
"NF99",95000,895000
"NG07",105000,875000
"NG08",105000,885000
"NG09",105000,895000
"NG14",115000,845000
"NG15",115000,855000
"NG18",115000,885000
"NG19",115000,895000
"NG20",125000,805000
"NG23",125000,835000
"NG24",125000,845000
"NG25",125000,855000
"NG26",125000,865000
"NG29",125000,895000
"NG30",135000,805000
"NG31",135000,815000
"NG32",135000,825000
"NG33",135000,835000
"NG34",135000,845000
"NG35",135000,855000
"NG36",135000,865000
"NG37",135000,875000
"NG40",145000,805000
"NG41",145000,815000
"NG42",145000,825000
"NG43",145000,835000
"NG44",145000,845000
"NG45",145000,855000
"NG46",145000,865000
"NG47",145000,875000
"NG49",145000,895000
"NG50",155000,805000
"NG51",155000,815000
"NG52",155000,825000
"NG53",155000,835000
"NG54",155000,845000
"NG55",155000,855000
"NG56",155000,865000
"NG60",165000,805000
"NG61",165000,815000
"NG62",165000,825000
"NG63",165000,835000
"NG64",165000,845000
"NG65",165000,855000
"NG70",175000,805000
"NG71",175000,815000
"NG72",175000,825000
"NG73",175000,835000
"NG74",175000,845000
"NG75",175000,855000
"NG76",175000,865000
"NG77",175000,875000
"NG78",175000,885000
"NG79",175000,895000
"NG80",185000,805000
"NG81",185000,815000
"NG82",185000,825000
"NG83",185000,835000
"NG84",185000,845000
"NG85",185000,855000
"NG86",185000,865000
"NG87",185000,875000
"NG88",185000,885000
"NG89",185000,895000
"NG90",195000,805000
"NG91",195000,815000
"NG92",195000,825000
"NG93",195000,835000
"NG94",195000,845000
"NG95",195000,855000
"NG96",195000,865000
"NG97",195000,875000
"NG98",195000,885000
"NG99",195000,895000
"NH00",205000,805000
"NH01",205000,815000
"NH02",205000,825000
"NH03",205000,835000
"NH04",205000,845000
"NH05",205000,855000
"NH06",205000,865000
"NH07",205000,875000
"NH08",205000,885000
"NH09",205000,895000
"NH10",215000,805000
"NH11",215000,815000
"NH12",215000,825000
"NH13",215000,835000
"NH14",215000,845000
"NH15",215000,855000
"NH16",215000,865000
"NH17",215000,875000
"NH18",215000,885000
"NH19",215000,895000
"NH20",225000,805000
"NH21",225000,815000
"NH22",225000,825000
"NH23",225000,835000
"NH24",225000,845000
"NH25",225000,855000
"NH26",225000,865000
"NH27",225000,875000
"NH28",225000,885000
"NH29",225000,895000
"NH30",235000,805000
"NH31",235000,815000
"NH32",235000,825000
"NH33",235000,835000
"NH34",235000,845000
"NH35",235000,855000
"NH36",235000,865000
"NH37",235000,875000
"NH38",235000,885000
"NH39",235000,895000
"NH40",245000,805000
"NH41",245000,815000
"NH42",245000,825000
"NH43",245000,835000
"NH44",245000,845000
"NH45",245000,855000
"NH46",245000,865000
"NH47",245000,875000
"NH48",245000,885000
"NH49",245000,895000
"NH50",255000,805000
"NH51",255000,815000
"NH52",255000,825000
"NH53",255000,835000
"NH54",255000,845000
"NH55",255000,855000
"NH56",255000,865000
"NH57",255000,875000
"NH58",255000,885000
"NH59",255000,895000
"NH60",265000,805000
"NH61",265000,815000
"NH62",265000,825000
"NH63",265000,835000
"NH64",265000,845000
"NH65",265000,855000
"NH66",265000,865000
"NH67",265000,875000
"NH68",265000,885000
"NH69",265000,895000
"NH70",275000,805000
"NH71",275000,815000
"NH72",275000,825000
"NH73",275000,835000
"NH74",275000,845000
"NH75",275000,855000
"NH76",275000,865000
"NH77",275000,875000
"NH78",275000,885000
"NH79",275000,895000
"NH80",285000,805000
"NH81",285000,815000
"NH82",285000,825000
"NH83",285000,835000
"NH84",285000,845000
"NH85",285000,855000
"NH86",285000,865000
"NH87",285000,875000
"NH88",285000,885000
"NH89",285000,895000
"NH90",295000,805000
"NH91",295000,815000
"NH92",295000,825000
"NH93",295000,835000
"NH94",295000,845000
"NH95",295000,855000
"NH96",295000,865000
"NH97",295000,875000
"NH98",295000,885000
"NJ00",305000,805000
"NJ01",305000,815000
"NJ02",305000,825000
"NJ03",305000,835000
"NJ04",305000,845000
"NJ05",305000,855000
"NJ06",305000,865000
"NJ10",315000,805000
"NJ11",315000,815000
"NJ12",315000,825000
"NJ13",315000,835000
"NJ14",315000,845000
"NJ15",315000,855000
"NJ16",315000,865000
"NJ17",315000,875000
"NJ20",325000,805000
"NJ21",325000,815000
"NJ22",325000,825000
"NJ23",325000,835000
"NJ24",325000,845000
"NJ25",325000,855000
"NJ26",325000,865000
"NJ27",325000,875000
"NJ30",335000,805000
"NJ31",335000,815000
"NJ32",335000,825000
"NJ33",335000,835000
"NJ34",335000,845000
"NJ35",335000,855000
"NJ36",335000,865000
"NJ40",345000,805000
"NJ41",345000,815000
"NJ42",345000,825000
"NJ43",345000,835000
"NJ44",345000,845000
"NJ45",345000,855000
"NJ46",345000,865000
"NJ50",355000,805000
"NJ51",355000,815000
"NJ52",355000,825000
"NJ53",355000,835000
"NJ54",355000,845000
"NJ55",355000,855000
"NJ56",355000,865000
"NJ60",365000,805000
"NJ61",365000,815000
"NJ62",365000,825000
"NJ63",365000,835000
"NJ64",365000,845000
"NJ65",365000,855000
"NJ66",365000,865000
"NJ70",375000,805000
"NJ71",375000,815000
"NJ72",375000,825000
"NJ73",375000,835000
"NJ74",375000,845000
"NJ75",375000,855000
"NJ76",375000,865000
"NJ80",385000,805000
"NJ81",385000,815000
"NJ82",385000,825000
"NJ83",385000,835000
"NJ84",385000,845000
"NJ85",385000,855000
"NJ86",385000,865000
"NJ90",395000,805000
"NJ91",395000,815000
"NJ92",395000,825000
"NJ93",395000,835000
"NJ94",395000,845000
"NJ95",395000,855000
"NJ96",395000,865000
"NK02",405000,825000
"NK03",405000,835000
"NK04",405000,845000
"NK05",405000,855000
"NK06",405000,865000
"NK13",415000,835000
"NK14",415000,845000
"NK15",415000,855000
"NL69",65000,795000
"NL79",75000,795000
"NL93",95000,735000
"NL94",95000,745000
"NM04",105000,745000
"NM05",105000,755000
"NM15",115000,755000
"NM16",115000,765000
"NM19",115000,795000
"NM21",125000,715000
"NM22",125000,725000
"NM23",125000,735000
"NM24",125000,745000
"NM25",125000,755000
"NM26",125000,765000
"NM29",125000,795000
"NM31",135000,715000
"NM32",135000,725000
"NM33",135000,735000
"NM34",135000,745000
"NM35",135000,755000
"NM37",135000,775000
"NM38",135000,785000
"NM39",135000,795000
"NM40",145000,705000
"NM41",145000,715000
"NM42",145000,725000
"NM43",145000,735000
"NM44",145000,745000
"NM45",145000,755000
"NM46",145000,765000
"NM47",145000,775000
"NM48",145000,785000
"NM49",145000,795000
"NM51",155000,715000
"NM52",155000,725000
"NM53",155000,735000
"NM54",155000,745000
"NM55",155000,755000
"NM56",155000,765000
"NM57",155000,775000
"NM59",155000,795000
"NM60",165000,705000
"NM61",165000,715000
"NM62",165000,725000
"NM63",165000,735000
"NM64",165000,745000
"NM65",165000,755000
"NM66",165000,765000
"NM67",165000,775000
"NM68",165000,785000
"NM69",165000,795000
"NM70",175000,705000
"NM71",175000,715000
"NM72",175000,725000
"NM73",175000,735000
"NM74",175000,745000
"NM75",175000,755000
"NM76",175000,765000
"NM77",175000,775000
"NM78",175000,785000
"NM79",175000,795000
"NM80",185000,705000
"NM81",185000,715000
"NM82",185000,725000
"NM83",185000,735000
"NM84",185000,745000
"NM85",185000,755000
"NM86",185000,765000
"NM87",185000,775000
"NM88",185000,785000
"NM89",185000,795000
"NM90",195000,705000
"NM91",195000,715000
"NM92",195000,725000
"NM93",195000,735000
"NM94",195000,745000
"NM95",195000,755000
"NM96",195000,765000
"NM97",195000,775000
"NM98",195000,785000
"NM99",195000,795000
"NN00",205000,705000
"NN01",205000,715000
"NN02",205000,725000
"NN03",205000,735000
"NN04",205000,745000
"NN05",205000,755000
"NN06",205000,765000
"NN07",205000,775000
"NN08",205000,785000
"NN09",205000,795000
"NN10",215000,705000
"NN11",215000,715000
"NN12",215000,725000
"NN13",215000,735000
"NN14",215000,745000
"NN15",215000,755000
"NN16",215000,765000
"NN17",215000,775000
"NN18",215000,785000
"NN19",215000,795000
"NN20",225000,705000
"NN21",225000,715000
"NN22",225000,725000
"NN23",225000,735000
"NN24",225000,745000
"NN25",225000,755000
"NN26",225000,765000
"NN27",225000,775000
"NN28",225000,785000
"NN29",225000,795000
"NN30",235000,705000
"NN31",235000,715000
"NN32",235000,725000
"NN33",235000,735000
"NN34",235000,745000
"NN35",235000,755000
"NN36",235000,765000
"NN37",235000,775000
"NN38",235000,785000
"NN39",235000,795000
"NN40",245000,705000
"NN41",245000,715000
"NN42",245000,725000
"NN43",245000,735000
"NN44",245000,745000
"NN45",245000,755000
"NN46",245000,765000
"NN47",245000,775000
"NN48",245000,785000
"NN49",245000,795000
"NN50",255000,705000
"NN51",255000,715000
"NN52",255000,725000
"NN53",255000,735000
"NN54",255000,745000
"NN55",255000,755000
"NN56",255000,765000
"NN57",255000,775000
"NN58",255000,785000
"NN59",255000,795000
"NN60",265000,705000
"NN61",265000,715000
"NN62",265000,725000
"NN63",265000,735000
"NN64",265000,745000
"NN65",265000,755000
"NN66",265000,765000
"NN67",265000,775000
"NN68",265000,785000
"NN69",265000,795000
"NN70",275000,705000
"NN71",275000,715000
"NN72",275000,725000
"NN73",275000,735000
"NN74",275000,745000
"NN75",275000,755000
"NN76",275000,765000
"NN77",275000,775000
"NN78",275000,785000
"NN79",275000,795000
"NN80",285000,705000
"NN81",285000,715000
"NN82",285000,725000
"NN83",285000,735000
"NN84",285000,745000
"NN85",285000,755000
"NN86",285000,765000
"NN87",285000,775000
"NN88",285000,785000
"NN89",285000,795000
"NN90",295000,705000
"NN91",295000,715000
"NN92",295000,725000
"NN93",295000,735000
"NN94",295000,745000
"NN95",295000,755000
"NN96",295000,765000
"NN97",295000,775000
"NN98",295000,785000
"NN99",295000,795000
"NO00",305000,705000
"NO01",305000,715000
"NO02",305000,725000
"NO03",305000,735000
"NO04",305000,745000
"NO05",305000,755000
"NO06",305000,765000
"NO07",305000,775000
"NO08",305000,785000
"NO09",305000,795000
"NO10",315000,705000
"NO11",315000,715000
"NO12",315000,725000
"NO13",315000,735000
"NO14",315000,745000
"NO15",315000,755000
"NO16",315000,765000
"NO17",315000,775000
"NO18",315000,785000
"NO19",315000,795000
"NO20",325000,705000
"NO21",325000,715000
"NO22",325000,725000
"NO23",325000,735000
"NO24",325000,745000
"NO25",325000,755000
"NO26",325000,765000
"NO27",325000,775000
"NO28",325000,785000
"NO29",325000,795000
"NO30",335000,705000
"NO31",335000,715000
"NO32",335000,725000
"NO33",335000,735000
"NO34",335000,745000
"NO35",335000,755000
"NO36",335000,765000
"NO37",335000,775000
"NO38",335000,785000
"NO39",335000,795000
"NO40",345000,705000
"NO41",345000,715000
"NO42",345000,725000
"NO43",345000,735000
"NO44",345000,745000
"NO45",345000,755000
"NO46",345000,765000
"NO47",345000,775000
"NO48",345000,785000
"NO49",345000,795000
"NO50",355000,705000
"NO51",355000,715000
"NO52",355000,725000
"NO53",355000,735000
"NO54",355000,745000
"NO55",355000,755000
"NO56",355000,765000
"NO57",355000,775000
"NO58",355000,785000
"NO59",355000,795000
"NO60",365000,705000
"NO61",365000,715000
"NO63",365000,735000
"NO64",365000,745000
"NO65",365000,755000
"NO66",365000,765000
"NO67",365000,775000
"NO68",365000,785000
"NO69",365000,795000
"NO74",375000,745000
"NO75",375000,755000
"NO76",375000,765000
"NO77",375000,775000
"NO78",375000,785000
"NO79",375000,795000
"NO86",385000,765000
"NO87",385000,775000
"NO88",385000,785000
"NO89",385000,795000
"NO99",395000,795000
"NR15",115000,655000
"NR16",115000,665000
"NR24",125000,645000
"NR25",125000,655000
"NR26",125000,665000
"NR27",125000,675000
"NR34",135000,645000
"NR35",135000,655000
"NR36",135000,665000
"NR37",135000,675000
"NR38",135000,685000
"NR39",135000,695000
"NR44",145000,645000
"NR45",145000,655000
"NR46",145000,665000
"NR47",145000,675000
"NR49",145000,695000
"NR50",155000,605000
"NR56",155000,665000
"NR57",155000,675000
"NR58",155000,685000
"NR59",155000,695000
"NR60",165000,605000
"NR61",165000,615000
"NR62",165000,625000
"NR63",165000,635000
"NR64",165000,645000
"NR65",165000,655000
"NR67",165000,675000
"NR68",165000,685000
"NR69",165000,695000
"NR70",175000,605000
"NR71",175000,615000
"NR72",175000,625000
"NR73",175000,635000
"NR74",175000,645000
"NR75",175000,655000
"NR76",175000,665000
"NR77",175000,675000
"NR78",175000,685000
"NR79",175000,695000
"NR82",185000,625000
"NR83",185000,635000
"NR84",185000,645000
"NR85",185000,655000
"NR86",185000,665000
"NR87",185000,675000
"NR88",185000,685000
"NR89",185000,695000
"NR92",195000,625000
"NR93",195000,635000
"NR94",195000,645000
"NR95",195000,655000
"NR96",195000,665000
"NR97",195000,675000
"NR98",195000,685000
"NR99",195000,695000
"NS01",205000,615000
"NS02",205000,625000
"NS03",205000,635000
"NS04",205000,645000
"NS05",205000,655000
"NS06",205000,665000
"NS07",205000,675000
"NS08",205000,685000
"NS09",205000,695000
"NS10",215000,605000
"NS14",215000,645000
"NS15",215000,655000
"NS16",215000,665000
"NS17",215000,675000
"NS18",215000,685000
"NS19",215000,695000
"NS20",225000,605000
"NS21",225000,615000
"NS23",225000,635000
"NS24",225000,645000
"NS25",225000,655000
"NS26",225000,665000
"NS27",225000,675000
"NS28",225000,685000
"NS29",225000,695000
"NS30",235000,605000
"NS31",235000,615000
"NS32",235000,625000
"NS33",235000,635000
"NS34",235000,645000
"NS35",235000,655000
"NS36",235000,665000
"NS37",235000,675000
"NS38",235000,685000
"NS39",235000,695000
"NS40",245000,605000
"NS41",245000,615000
"NS42",245000,625000
"NS43",245000,635000
"NS44",245000,645000
"NS45",245000,655000
"NS46",245000,665000
"NS47",245000,675000
"NS48",245000,685000
"NS49",245000,695000
"NS50",255000,605000
"NS51",255000,615000
"NS52",255000,625000
"NS53",255000,635000
"NS54",255000,645000
"NS55",255000,655000
"NS56",255000,665000
"NS57",255000,675000
"NS58",255000,685000
"NS59",255000,695000
"NS60",265000,605000
"NS61",265000,615000
"NS62",265000,625000
"NS63",265000,635000
"NS64",265000,645000
"NS65",265000,655000
"NS66",265000,665000
"NS67",265000,675000
"NS68",265000,685000
"NS69",265000,695000
"NS70",275000,605000
"NS71",275000,615000
"NS72",275000,625000
"NS73",275000,635000
"NS74",275000,645000
"NS75",275000,655000
"NS76",275000,665000
"NS77",275000,675000
"NS78",275000,685000
"NS79",275000,695000
"NS80",285000,605000
"NS81",285000,615000
"NS82",285000,625000
"NS83",285000,635000
"NS84",285000,645000
"NS85",285000,655000
"NS86",285000,665000
"NS87",285000,675000
"NS88",285000,685000
"NS89",285000,695000
"NS90",295000,605000
"NS91",295000,615000
"NS92",295000,625000
"NS93",295000,635000
"NS94",295000,645000
"NS95",295000,655000
"NS96",295000,665000
"NS97",295000,675000
"NS98",295000,685000
"NS99",295000,695000
"NT00",305000,605000
"NT01",305000,615000
"NT02",305000,625000
"NT03",305000,635000
"NT04",305000,645000
"NT05",305000,655000
"NT06",305000,665000
"NT07",305000,675000
"NT08",305000,685000
"NT09",305000,695000
"NT10",315000,605000
"NT11",315000,615000
"NT12",315000,625000
"NT13",315000,635000
"NT14",315000,645000
"NT15",315000,655000
"NT16",315000,665000
"NT17",315000,675000
"NT18",315000,685000
"NT19",315000,695000
"NT20",325000,605000
"NT21",325000,615000
"NT22",325000,625000
"NT23",325000,635000
"NT24",325000,645000
"NT25",325000,655000
"NT26",325000,665000
"NT27",325000,675000
"NT28",325000,685000
"NT29",325000,695000
"NT30",335000,605000
"NT31",335000,615000
"NT32",335000,625000
"NT33",335000,635000
"NT34",335000,645000
"NT35",335000,655000
"NT36",335000,665000
"NT37",335000,675000
"NT39",335000,695000
"NT40",345000,605000
"NT41",345000,615000
"NT42",345000,625000
"NT43",345000,635000
"NT44",345000,645000
"NT45",345000,655000
"NT46",345000,665000
"NT47",345000,675000
"NT48",345000,685000
"NT49",345000,695000
"NT50",355000,605000
"NT51",355000,615000
"NT52",355000,625000
"NT53",355000,635000
"NT54",355000,645000
"NT55",355000,655000
"NT56",355000,665000
"NT57",355000,675000
"NT58",355000,685000
"NT59",355000,695000
"NT60",365000,605000
"NT61",365000,615000
"NT62",365000,625000
"NT63",365000,635000
"NT64",365000,645000
"NT65",365000,655000
"NT66",365000,665000
"NT67",365000,675000
"NT68",365000,685000
"NT69",365000,695000
"NT70",375000,605000
"NT71",375000,615000
"NT72",375000,625000
"NT73",375000,635000
"NT74",375000,645000
"NT75",375000,655000
"NT76",375000,665000
"NT77",375000,675000
"NT80",385000,605000
"NT81",385000,615000
"NT82",385000,625000
"NT83",385000,635000
"NT84",385000,645000
"NT85",385000,655000
"NT86",385000,665000
"NT87",385000,675000
"NT90",395000,605000
"NT91",395000,615000
"NT92",395000,625000
"NT93",395000,635000
"NT94",395000,645000
"NT95",395000,655000
"NT96",395000,665000
"NU00",405000,605000
"NU01",405000,615000
"NU02",405000,625000
"NU03",405000,635000
"NU04",405000,645000
"NU05",405000,655000
"NU10",415000,605000
"NU11",415000,615000
"NU12",415000,625000
"NU13",415000,635000
"NU14",415000,645000
"NU20",425000,605000
"NU21",425000,615000
"NU22",425000,625000
"NU23",425000,635000
"NW95",195000,555000
"NW96",195000,565000
"NW97",195000,575000
"NX03",205000,535000
"NX04",205000,545000
"NX05",205000,555000
"NX06",205000,565000
"NX07",205000,575000
"NX08",205000,585000
"NX09",205000,595000
"NX13",215000,535000
"NX14",215000,545000
"NX15",215000,555000
"NX16",215000,565000
"NX17",215000,575000
"NX18",215000,585000
"NX19",215000,595000
"NX24",225000,545000
"NX25",225000,555000
"NX26",225000,565000
"NX27",225000,575000
"NX28",225000,585000
"NX29",225000,595000
"NX30",235000,505000
"NX33",235000,535000
"NX34",235000,545000
"NX35",235000,555000
"NX36",235000,565000
"NX37",235000,575000
"NX38",235000,585000
"NX39",235000,595000
"NX40",245000,505000
"NX43",245000,535000
"NX44",245000,545000
"NX45",245000,555000
"NX46",245000,565000
"NX47",245000,575000
"NX48",245000,585000
"NX49",245000,595000
"NX54",255000,545000
"NX55",255000,555000
"NX56",255000,565000
"NX57",255000,575000
"NX58",255000,585000
"NX59",255000,595000
"NX64",265000,545000
"NX65",265000,555000
"NX66",265000,565000
"NX67",265000,575000
"NX68",265000,585000
"NX69",265000,595000
"NX74",275000,545000
"NX75",275000,555000
"NX76",275000,565000
"NX77",275000,575000
"NX78",275000,585000
"NX79",275000,595000
"NX84",285000,545000
"NX85",285000,555000
"NX86",285000,565000
"NX87",285000,575000
"NX88",285000,585000
"NX89",285000,595000
"NX90",295000,505000
"NX91",295000,515000
"NX92",295000,525000
"NX93",295000,535000
"NX95",295000,555000
"NX96",295000,565000
"NX97",295000,575000
"NX98",295000,585000
"NX99",295000,595000
"NY00",305000,505000
"NY01",305000,515000
"NY02",305000,525000
"NY03",305000,535000
"NY04",305000,545000
"NY05",305000,555000
"NY06",305000,565000
"NY07",305000,575000
"NY08",305000,585000
"NY09",305000,595000
"NY10",315000,505000
"NY11",315000,515000
"NY12",315000,525000
"NY13",315000,535000
"NY14",315000,545000
"NY15",315000,555000
"NY16",315000,565000
"NY17",315000,575000
"NY18",315000,585000
"NY19",315000,595000
"NY20",325000,505000
"NY21",325000,515000
"NY22",325000,525000
"NY23",325000,535000
"NY24",325000,545000
"NY25",325000,555000
"NY26",325000,565000
"NY27",325000,575000
"NY28",325000,585000
"NY29",325000,595000
"NY30",335000,505000
"NY31",335000,515000
"NY32",335000,525000
"NY33",335000,535000
"NY34",335000,545000
"NY35",335000,555000
"NY36",335000,565000
"NY37",335000,575000
"NY38",335000,585000
"NY39",335000,595000
"NY40",345000,505000
"NY41",345000,515000
"NY42",345000,525000
"NY43",345000,535000
"NY44",345000,545000
"NY45",345000,555000
"NY46",345000,565000
"NY47",345000,575000
"NY48",345000,585000
"NY49",345000,595000
"NY50",355000,505000
"NY51",355000,515000
"NY52",355000,525000
"NY53",355000,535000
"NY54",355000,545000
"NY55",355000,555000
"NY56",355000,565000
"NY57",355000,575000
"NY58",355000,585000
"NY59",355000,595000
"NY60",365000,505000
"NY61",365000,515000
"NY62",365000,525000
"NY63",365000,535000
"NY64",365000,545000
"NY65",365000,555000
"NY66",365000,565000
"NY67",365000,575000
"NY68",365000,585000
"NY69",365000,595000
"NY70",375000,505000
"NY71",375000,515000
"NY72",375000,525000
"NY73",375000,535000
"NY74",375000,545000
"NY75",375000,555000
"NY76",375000,565000
"NY77",375000,575000
"NY78",375000,585000
"NY79",375000,595000
"NY80",385000,505000
"NY81",385000,515000
"NY82",385000,525000
"NY83",385000,535000
"NY84",385000,545000
"NY85",385000,555000
"NY86",385000,565000
"NY87",385000,575000
"NY88",385000,585000
"NY89",385000,595000
"NY90",395000,505000
"NY91",395000,515000
"NY92",395000,525000
"NY93",395000,535000
"NY94",395000,545000
"NY95",395000,555000
"NY96",395000,565000
"NY97",395000,575000
"NY98",395000,585000
"NY99",395000,595000
"NZ00",405000,505000
"NZ01",405000,515000
"NZ02",405000,525000
"NZ03",405000,535000
"NZ04",405000,545000
"NZ05",405000,555000
"NZ06",405000,565000
"NZ07",405000,575000
"NZ08",405000,585000
"NZ09",405000,595000
"NZ10",415000,505000
"NZ11",415000,515000
"NZ12",415000,525000
"NZ13",415000,535000
"NZ14",415000,545000
"NZ15",415000,555000
"NZ16",415000,565000
"NZ17",415000,575000
"NZ18",415000,585000
"NZ19",415000,595000
"NZ20",425000,505000
"NZ21",425000,515000
"NZ22",425000,525000
"NZ23",425000,535000
"NZ24",425000,545000
"NZ25",425000,555000
"NZ26",425000,565000
"NZ27",425000,575000
"NZ28",425000,585000
"NZ29",425000,595000
"NZ30",435000,505000
"NZ31",435000,515000
"NZ32",435000,525000
"NZ33",435000,535000
"NZ34",435000,545000
"NZ35",435000,555000
"NZ36",435000,565000
"NZ37",435000,575000
"NZ38",435000,585000
"NZ39",435000,595000
"NZ40",445000,505000
"NZ41",445000,515000
"NZ42",445000,525000
"NZ43",445000,535000
"NZ44",445000,545000
"NZ45",445000,555000
"NZ46",445000,565000
"NZ50",455000,505000
"NZ51",455000,515000
"NZ52",455000,525000
"NZ53",455000,535000
"NZ60",465000,505000
"NZ61",465000,515000
"NZ62",465000,525000
"NZ70",475000,505000
"NZ71",475000,515000
"NZ72",475000,525000
"NZ80",485000,505000
"NZ81",485000,515000
"NZ90",495000,505000
"NZ91",495000,515000
"SC16",215000,465000
"SC17",215000,475000
"SC26",225000,465000
"SC27",225000,475000
"SC28",225000,485000
"SC36",235000,465000
"SC37",235000,475000
"SC38",235000,485000
"SC39",235000,495000
"SC47",245000,475000
"SC48",245000,485000
"SC49",245000,495000
"SD08",305000,485000
"SD09",305000,495000
"SD16",315000,465000
"SD17",315000,475000
"SD18",315000,485000
"SD19",315000,495000
"SD20",325000,405000
"SD21",325000,415000
"SD26",325000,465000
"SD27",325000,475000
"SD28",325000,485000
"SD29",325000,495000
"SD30",335000,405000
"SD31",335000,415000
"SD32",335000,425000
"SD33",335000,435000
"SD34",335000,445000
"SD35",335000,455000
"SD36",335000,465000
"SD37",335000,475000
"SD38",335000,485000
"SD39",335000,495000
"SD40",345000,405000
"SD41",345000,415000
"SD42",345000,425000
"SD43",345000,435000
"SD44",345000,445000
"SD45",345000,455000
"SD46",345000,465000
"SD47",345000,475000
"SD48",345000,485000
"SD49",345000,495000
"SD50",355000,405000
"SD51",355000,415000
"SD52",355000,425000
"SD53",355000,435000
"SD54",355000,445000
"SD55",355000,455000
"SD56",355000,465000
"SD57",355000,475000
"SD58",355000,485000
"SD59",355000,495000
"SD60",365000,405000
"SD61",365000,415000
"SD62",365000,425000
"SD63",365000,435000
"SD64",365000,445000
"SD65",365000,455000
"SD66",365000,465000
"SD67",365000,475000
"SD68",365000,485000
"SD69",365000,495000
"SD70",375000,405000
"SD71",375000,415000
"SD72",375000,425000
"SD73",375000,435000
"SD74",375000,445000
"SD75",375000,455000
"SD76",375000,465000
"SD77",375000,475000
"SD78",375000,485000
"SD79",375000,495000
"SD80",385000,405000
"SD81",385000,415000
"SD82",385000,425000
"SD83",385000,435000
"SD84",385000,445000
"SD85",385000,455000
"SD86",385000,465000
"SD87",385000,475000
"SD88",385000,485000
"SD89",385000,495000
"SD90",395000,405000
"SD91",395000,415000
"SD92",395000,425000
"SD93",395000,435000
"SD94",395000,445000
"SD95",395000,455000
"SD96",395000,465000
"SD97",395000,475000
"SD98",395000,485000
"SD99",395000,495000
"SE00",405000,405000
"SE01",405000,415000
"SE02",405000,425000
"SE03",405000,435000
"SE04",405000,445000
"SE05",405000,455000
"SE06",405000,465000
"SE07",405000,475000
"SE08",405000,485000
"SE09",405000,495000
"SE10",415000,405000
"SE11",415000,415000
"SE12",415000,425000
"SE13",415000,435000
"SE14",415000,445000
"SE15",415000,455000
"SE16",415000,465000
"SE17",415000,475000
"SE18",415000,485000
"SE19",415000,495000
"SE20",425000,405000
"SE21",425000,415000
"SE22",425000,425000
"SE23",425000,435000
"SE24",425000,445000
"SE25",425000,455000
"SE26",425000,465000
"SE27",425000,475000
"SE28",425000,485000
"SE29",425000,495000
"SE30",435000,405000
"SE31",435000,415000
"SE32",435000,425000
"SE33",435000,435000
"SE34",435000,445000
"SE35",435000,455000
"SE36",435000,465000
"SE37",435000,475000
"SE38",435000,485000
"SE39",435000,495000
"SE40",445000,405000
"SE41",445000,415000
"SE42",445000,425000
"SE43",445000,435000
"SE44",445000,445000
"SE45",445000,455000
"SE46",445000,465000
"SE47",445000,475000
"SE48",445000,485000
"SE49",445000,495000
"SE50",455000,405000
"SE51",455000,415000
"SE52",455000,425000
"SE53",455000,435000
"SE54",455000,445000
"SE55",455000,455000
"SE56",455000,465000
"SE57",455000,475000
"SE58",455000,485000
"SE59",455000,495000
"SE60",465000,405000
"SE61",465000,415000
"SE62",465000,425000
"SE63",465000,435000
"SE64",465000,445000
"SE65",465000,455000
"SE66",465000,465000
"SE67",465000,475000
"SE68",465000,485000
"SE69",465000,495000
"SE70",475000,405000
"SE71",475000,415000
"SE72",475000,425000
"SE73",475000,435000
"SE74",475000,445000
"SE75",475000,455000
"SE76",475000,465000
"SE77",475000,475000
"SE78",475000,485000
"SE79",475000,495000
"SE80",485000,405000
"SE81",485000,415000
"SE82",485000,425000
"SE83",485000,435000
"SE84",485000,445000
"SE85",485000,455000
"SE86",485000,465000
"SE87",485000,475000
"SE88",485000,485000
"SE89",485000,495000
"SE90",495000,405000
"SE91",495000,415000
"SE92",495000,425000
"SE93",495000,435000
"SE94",495000,445000
"SE95",495000,455000
"SE96",495000,465000
"SE97",495000,475000
"SE98",495000,485000
"SE99",495000,495000
"SH12",215000,325000
"SH13",215000,335000
"SH22",225000,325000
"SH23",225000,335000
"SH24",225000,345000
"SH27",225000,375000
"SH28",225000,385000
"SH29",225000,395000
"SH32",235000,325000
"SH33",235000,335000
"SH34",235000,345000
"SH36",235000,365000
"SH37",235000,375000
"SH38",235000,385000
"SH39",235000,395000
"SH43",245000,335000
"SH44",245000,345000
"SH45",245000,355000
"SH46",245000,365000
"SH47",245000,375000
"SH48",245000,385000
"SH49",245000,395000
"SH50",255000,305000
"SH51",255000,315000
"SH52",255000,325000
"SH53",255000,335000
"SH54",255000,345000
"SH55",255000,355000
"SH56",255000,365000
"SH57",255000,375000
"SH58",255000,385000
"SH59",255000,395000
"SH60",265000,305000
"SH61",265000,315000
"SH62",265000,325000
"SH63",265000,335000
"SH64",265000,345000
"SH65",265000,355000
"SH66",265000,365000
"SH67",265000,375000
"SH68",265000,385000
"SH70",275000,305000
"SH71",275000,315000
"SH72",275000,325000
"SH73",275000,335000
"SH74",275000,345000
"SH75",275000,355000
"SH76",275000,365000
"SH77",275000,375000
"SH78",275000,385000
"SH80",285000,305000
"SH81",285000,315000
"SH82",285000,325000
"SH83",285000,335000
"SH84",285000,345000
"SH85",285000,355000
"SH86",285000,365000
"SH87",285000,375000
"SH88",285000,385000
"SH90",295000,305000
"SH91",295000,315000
"SH92",295000,325000
"SH93",295000,335000
"SH94",295000,345000
"SH95",295000,355000
"SH96",295000,365000
"SH97",295000,375000
"SH98",295000,385000
"SJ00",305000,305000
"SJ01",305000,315000
"SJ02",305000,325000
"SJ03",305000,335000
"SJ04",305000,345000
"SJ05",305000,355000
"SJ06",305000,365000
"SJ07",305000,375000
"SJ08",305000,385000
"SJ10",315000,305000
"SJ11",315000,315000
"SJ12",315000,325000
"SJ13",315000,335000
"SJ14",315000,345000
"SJ15",315000,355000
"SJ16",315000,365000
"SJ17",315000,375000
"SJ18",315000,385000
"SJ20",325000,305000
"SJ21",325000,315000
"SJ22",325000,325000
"SJ23",325000,335000
"SJ24",325000,345000
"SJ25",325000,355000
"SJ26",325000,365000
"SJ27",325000,375000
"SJ28",325000,385000
"SJ29",325000,395000
"SJ30",335000,305000
"SJ31",335000,315000
"SJ32",335000,325000
"SJ33",335000,335000
"SJ34",335000,345000
"SJ35",335000,355000
"SJ36",335000,365000
"SJ37",335000,375000
"SJ38",335000,385000
"SJ39",335000,395000
"SJ40",345000,305000
"SJ41",345000,315000
"SJ42",345000,325000
"SJ43",345000,335000
"SJ44",345000,345000
"SJ45",345000,355000
"SJ46",345000,365000
"SJ47",345000,375000
"SJ48",345000,385000
"SJ49",345000,395000
"SJ50",355000,305000
"SJ51",355000,315000
"SJ52",355000,325000
"SJ53",355000,335000
"SJ54",355000,345000
"SJ55",355000,355000
"SJ56",355000,365000
"SJ57",355000,375000
"SJ58",355000,385000
"SJ59",355000,395000
"SJ60",365000,305000
"SJ61",365000,315000
"SJ62",365000,325000
"SJ63",365000,335000
"SJ64",365000,345000
"SJ65",365000,355000
"SJ66",365000,365000
"SJ67",365000,375000
"SJ68",365000,385000
"SJ69",365000,395000
"SJ70",375000,305000
"SJ71",375000,315000
"SJ72",375000,325000
"SJ73",375000,335000
"SJ74",375000,345000
"SJ75",375000,355000
"SJ76",375000,365000
"SJ77",375000,375000
"SJ78",375000,385000
"SJ79",375000,395000
"SJ80",385000,305000
"SJ81",385000,315000
"SJ82",385000,325000
"SJ83",385000,335000
"SJ84",385000,345000
"SJ85",385000,355000
"SJ86",385000,365000
"SJ87",385000,375000
"SJ88",385000,385000
"SJ89",385000,395000
"SJ90",395000,305000
"SJ91",395000,315000
"SJ92",395000,325000
"SJ93",395000,335000
"SJ94",395000,345000
"SJ95",395000,355000
"SJ96",395000,365000
"SJ97",395000,375000
"SJ98",395000,385000
"SJ99",395000,395000
"SK00",405000,305000
"SK01",405000,315000
"SK02",405000,325000
"SK03",405000,335000
"SK04",405000,345000
"SK05",405000,355000
"SK06",405000,365000
"SK07",405000,375000
"SK08",405000,385000
"SK09",405000,395000
"SK10",415000,305000
"SK11",415000,315000
"SK12",415000,325000
"SK13",415000,335000
"SK14",415000,345000
"SK15",415000,355000
"SK16",415000,365000
"SK17",415000,375000
"SK18",415000,385000
"SK19",415000,395000
"SK20",425000,305000
"SK21",425000,315000
"SK22",425000,325000
"SK23",425000,335000
"SK24",425000,345000
"SK25",425000,355000
"SK26",425000,365000
"SK27",425000,375000
"SK28",425000,385000
"SK29",425000,395000
"SK30",435000,305000
"SK31",435000,315000
"SK32",435000,325000
"SK33",435000,335000
"SK34",435000,345000
"SK35",435000,355000
"SK36",435000,365000
"SK37",435000,375000
"SK38",435000,385000
"SK39",435000,395000
"SK40",445000,305000
"SK41",445000,315000
"SK42",445000,325000
"SK43",445000,335000
"SK44",445000,345000
"SK45",445000,355000
"SK46",445000,365000
"SK47",445000,375000
"SK48",445000,385000
"SK49",445000,395000
"SK50",455000,305000
"SK51",455000,315000
"SK52",455000,325000
"SK53",455000,335000
"SK54",455000,345000
"SK55",455000,355000
"SK56",455000,365000
"SK57",455000,375000
"SK58",455000,385000
"SK59",455000,395000
"SK60",465000,305000
"SK61",465000,315000
"SK62",465000,325000
"SK63",465000,335000
"SK64",465000,345000
"SK65",465000,355000
"SK66",465000,365000
"SK67",465000,375000
"SK68",465000,385000
"SK69",465000,395000
"SK70",475000,305000
"SK71",475000,315000
"SK72",475000,325000
"SK73",475000,335000
"SK74",475000,345000
"SK75",475000,355000
"SK76",475000,365000
"SK77",475000,375000
"SK78",475000,385000
"SK79",475000,395000
"SK80",485000,305000
"SK81",485000,315000
"SK82",485000,325000
"SK83",485000,335000
"SK84",485000,345000
"SK85",485000,355000
"SK86",485000,365000
"SK87",485000,375000
"SK88",485000,385000
"SK89",485000,395000
"SK90",495000,305000
"SK91",495000,315000
"SK92",495000,325000
"SK93",495000,335000
"SK94",495000,345000
"SK95",495000,355000
"SK96",495000,365000
"SK97",495000,375000
"SK98",495000,385000
"SK99",495000,395000
"SM62",165000,225000
"SM70",175000,205000
"SM71",175000,215000
"SM72",175000,225000
"SM73",175000,235000
"SM80",185000,205000
"SM81",185000,215000
"SM82",185000,225000
"SM83",185000,235000
"SM84",185000,245000
"SM90",195000,205000
"SM91",195000,215000
"SM92",195000,225000
"SM93",195000,235000
"SM94",195000,245000
"SN00",205000,205000
"SN01",205000,215000
"SN02",205000,225000
"SN03",205000,235000
"SN04",205000,245000
"SN10",215000,205000
"SN11",215000,215000
"SN12",215000,225000
"SN13",215000,235000
"SN14",215000,245000
"SN15",215000,255000
"SN20",225000,205000
"SN21",225000,215000
"SN22",225000,225000
"SN23",225000,235000
"SN24",225000,245000
"SN25",225000,255000
"SN30",235000,205000
"SN31",235000,215000
"SN32",235000,225000
"SN33",235000,235000
"SN34",235000,245000
"SN35",235000,255000
"SN36",235000,265000
"SN40",245000,205000
"SN41",245000,215000
"SN42",245000,225000
"SN43",245000,235000
"SN44",245000,245000
"SN45",245000,255000
"SN46",245000,265000
"SN50",255000,205000
"SN51",255000,215000
"SN52",255000,225000
"SN53",255000,235000
"SN54",255000,245000
"SN55",255000,255000
"SN56",255000,265000
"SN57",255000,275000
"SN58",255000,285000
"SN59",255000,295000
"SN60",265000,205000
"SN61",265000,215000
"SN62",265000,225000
"SN63",265000,235000
"SN64",265000,245000
"SN65",265000,255000
"SN66",265000,265000
"SN67",265000,275000
"SN68",265000,285000
"SN69",265000,295000
"SN70",275000,205000
"SN71",275000,215000
"SN72",275000,225000
"SN73",275000,235000
"SN74",275000,245000
"SN75",275000,255000
"SN76",275000,265000
"SN77",275000,275000
"SN78",275000,285000
"SN79",275000,295000
"SN80",285000,205000
"SN81",285000,215000
"SN82",285000,225000
"SN83",285000,235000
"SN84",285000,245000
"SN85",285000,255000
"SN86",285000,265000
"SN87",285000,275000
"SN88",285000,285000
"SN89",285000,295000
"SN90",295000,205000
"SN91",295000,215000
"SN92",295000,225000
"SN93",295000,235000
"SN94",295000,245000
"SN95",295000,255000
"SN96",295000,265000
"SN97",295000,275000
"SN98",295000,285000
"SN99",295000,295000
"SO00",305000,205000
"SO01",305000,215000
"SO02",305000,225000
"SO03",305000,235000
"SO04",305000,245000
"SO05",305000,255000
"SO06",305000,265000
"SO07",305000,275000
"SO08",305000,285000
"SO09",305000,295000
"SO10",315000,205000
"SO11",315000,215000
"SO12",315000,225000
"SO13",315000,235000
"SO14",315000,245000
"SO15",315000,255000
"SO16",315000,265000
"SO17",315000,275000
"SO18",315000,285000
"SO19",315000,295000
"SO20",325000,205000
"SO21",325000,215000
"SO22",325000,225000
"SO23",325000,235000
"SO24",325000,245000
"SO25",325000,255000
"SO26",325000,265000
"SO27",325000,275000
"SO28",325000,285000
"SO29",325000,295000
"SO30",335000,205000
"SO31",335000,215000
"SO32",335000,225000
"SO33",335000,235000
"SO34",335000,245000
"SO35",335000,255000
"SO36",335000,265000
"SO37",335000,275000
"SO38",335000,285000
"SO39",335000,295000
"SO40",345000,205000
"SO41",345000,215000
"SO42",345000,225000
"SO43",345000,235000
"SO44",345000,245000
"SO45",345000,255000
"SO46",345000,265000
"SO47",345000,275000
"SO48",345000,285000
"SO49",345000,295000
"SO50",355000,205000
"SO51",355000,215000
"SO52",355000,225000
"SO53",355000,235000
"SO54",355000,245000
"SO55",355000,255000
"SO56",355000,265000
"SO57",355000,275000
"SO58",355000,285000
"SO59",355000,295000
"SO60",365000,205000
"SO61",365000,215000
"SO62",365000,225000
"SO63",365000,235000
"SO64",365000,245000
"SO65",365000,255000
"SO66",365000,265000
"SO67",365000,275000
"SO68",365000,285000
"SO69",365000,295000
"SO70",375000,205000
"SO71",375000,215000
"SO72",375000,225000
"SO73",375000,235000
"SO74",375000,245000
"SO75",375000,255000
"SO76",375000,265000
"SO77",375000,275000
"SO78",375000,285000
"SO79",375000,295000
"SO80",385000,205000
"SO81",385000,215000
"SO82",385000,225000
"SO83",385000,235000
"SO84",385000,245000
"SO85",385000,255000
"SO86",385000,265000
"SO87",385000,275000
"SO88",385000,285000
"SO89",385000,295000
"SO90",395000,205000
"SO91",395000,215000
"SO92",395000,225000
"SO93",395000,235000
"SO94",395000,245000
"SO95",395000,255000
"SO96",395000,265000
"SO97",395000,275000
"SO98",395000,285000
"SO99",395000,295000
"SP00",405000,205000
"SP01",405000,215000
"SP02",405000,225000
"SP03",405000,235000
"SP04",405000,245000
"SP05",405000,255000
"SP06",405000,265000
"SP07",405000,275000
"SP08",405000,285000
"SP09",405000,295000
"SP10",415000,205000
"SP11",415000,215000
"SP12",415000,225000
"SP13",415000,235000
"SP14",415000,245000
"SP15",415000,255000
"SP16",415000,265000
"SP17",415000,275000
"SP18",415000,285000
"SP19",415000,295000
"SP20",425000,205000
"SP21",425000,215000
"SP22",425000,225000
"SP23",425000,235000
"SP24",425000,245000
"SP25",425000,255000
"SP26",425000,265000
"SP27",425000,275000
"SP28",425000,285000
"SP29",425000,295000
"SP30",435000,205000
"SP31",435000,215000
"SP32",435000,225000
"SP33",435000,235000
"SP34",435000,245000
"SP35",435000,255000
"SP36",435000,265000
"SP37",435000,275000
"SP38",435000,285000
"SP39",435000,295000
"SP40",445000,205000
"SP41",445000,215000
"SP42",445000,225000
"SP43",445000,235000
"SP44",445000,245000
"SP45",445000,255000
"SP46",445000,265000
"SP47",445000,275000
"SP48",445000,285000
"SP49",445000,295000
"SP50",455000,205000
"SP51",455000,215000
"SP52",455000,225000
"SP53",455000,235000
"SP54",455000,245000
"SP55",455000,255000
"SP56",455000,265000
"SP57",455000,275000
"SP58",455000,285000
"SP59",455000,295000
"SP60",465000,205000
"SP61",465000,215000
"SP62",465000,225000
"SP63",465000,235000
"SP64",465000,245000
"SP65",465000,255000
"SP66",465000,265000
"SP67",465000,275000
"SP68",465000,285000
"SP69",465000,295000
"SP70",475000,205000
"SP71",475000,215000
"SP72",475000,225000
"SP73",475000,235000
"SP74",475000,245000
"SP75",475000,255000
"SP76",475000,265000
"SP77",475000,275000
"SP78",475000,285000
"SP79",475000,295000
"SP80",485000,205000
"SP81",485000,215000
"SP82",485000,225000
"SP83",485000,235000
"SP84",485000,245000
"SP85",485000,255000
"SP86",485000,265000
"SP87",485000,275000
"SP88",485000,285000
"SP89",485000,295000
"SP90",495000,205000
"SP91",495000,215000
"SP92",495000,225000
"SP93",495000,235000
"SP94",495000,245000
"SP95",495000,255000
"SP96",495000,265000
"SP97",495000,275000
"SP98",495000,285000
"SP99",495000,295000
"SR89",185000,195000
"SR99",195000,195000
"SS09",205000,195000
"SS10",215000,105000
"SS11",215000,115000
"SS14",215000,145000
"SS19",215000,195000
"SS20",225000,105000
"SS21",225000,115000
"SS22",225000,125000
"SS30",235000,105000
"SS31",235000,115000
"SS32",235000,125000
"SS38",235000,185000
"SS39",235000,195000
"SS40",245000,105000
"SS41",245000,115000
"SS42",245000,125000
"SS43",245000,135000
"SS44",245000,145000
"SS48",245000,185000
"SS49",245000,195000
"SS50",255000,105000
"SS51",255000,115000
"SS52",255000,125000
"SS53",255000,135000
"SS54",255000,145000
"SS58",255000,185000
"SS59",255000,195000
"SS60",265000,105000
"SS61",265000,115000
"SS62",265000,125000
"SS63",265000,135000
"SS64",265000,145000
"SS68",265000,185000
"SS69",265000,195000
"SS70",275000,105000
"SS71",275000,115000
"SS72",275000,125000
"SS73",275000,135000
"SS74",275000,145000
"SS75",275000,155000
"SS77",275000,175000
"SS78",275000,185000
"SS79",275000,195000
"SS80",285000,105000
"SS81",285000,115000
"SS82",285000,125000
"SS83",285000,135000
"SS84",285000,145000
"SS87",285000,175000
"SS88",285000,185000
"SS89",285000,195000
"SS90",295000,105000
"SS91",295000,115000
"SS92",295000,125000
"SS93",295000,135000
"SS94",295000,145000
"SS96",295000,165000
"SS97",295000,175000
"SS98",295000,185000
"SS99",295000,195000
"ST00",305000,105000
"ST01",305000,115000
"ST02",305000,125000
"ST03",305000,135000
"ST04",305000,145000
"ST06",305000,165000
"ST07",305000,175000
"ST08",305000,185000
"ST09",305000,195000
"ST10",315000,105000
"ST11",315000,115000
"ST12",315000,125000
"ST13",315000,135000
"ST14",315000,145000
"ST16",315000,165000
"ST17",315000,175000
"ST18",315000,185000
"ST19",315000,195000
"ST20",325000,105000
"ST21",325000,115000
"ST22",325000,125000
"ST23",325000,135000
"ST24",325000,145000
"ST25",325000,155000
"ST26",325000,165000
"ST27",325000,175000
"ST28",325000,185000
"ST29",325000,195000
"ST30",335000,105000
"ST31",335000,115000
"ST32",335000,125000
"ST33",335000,135000
"ST34",335000,145000
"ST35",335000,155000
"ST36",335000,165000
"ST37",335000,175000
"ST38",335000,185000
"ST39",335000,195000
"ST40",345000,105000
"ST41",345000,115000
"ST42",345000,125000
"ST43",345000,135000
"ST44",345000,145000
"ST45",345000,155000
"ST46",345000,165000
"ST47",345000,175000
"ST48",345000,185000
"ST49",345000,195000
"ST50",355000,105000
"ST51",355000,115000
"ST52",355000,125000
"ST53",355000,135000
"ST54",355000,145000
"ST55",355000,155000
"ST56",355000,165000
"ST57",355000,175000
"ST58",355000,185000
"ST59",355000,195000
"ST60",365000,105000
"ST61",365000,115000
"ST62",365000,125000
"ST63",365000,135000
"ST64",365000,145000
"ST65",365000,155000
"ST66",365000,165000
"ST67",365000,175000
"ST68",365000,185000
"ST69",365000,195000
"ST70",375000,105000
"ST71",375000,115000
"ST72",375000,125000
"ST73",375000,135000
"ST74",375000,145000
"ST75",375000,155000
"ST76",375000,165000
"ST77",375000,175000
"ST78",375000,185000
"ST79",375000,195000
"ST80",385000,105000
"ST81",385000,115000
"ST82",385000,125000
"ST83",385000,135000
"ST84",385000,145000
"ST85",385000,155000
"ST86",385000,165000
"ST87",385000,175000
"ST88",385000,185000
"ST89",385000,195000
"ST90",395000,105000
"ST91",395000,115000
"ST92",395000,125000
"ST93",395000,135000
"ST94",395000,145000
"ST95",395000,155000
"ST96",395000,165000
"ST97",395000,175000
"ST98",395000,185000
"ST99",395000,195000
"SU00",405000,105000
"SU01",405000,115000
"SU02",405000,125000
"SU03",405000,135000
"SU04",405000,145000
"SU05",405000,155000
"SU06",405000,165000
"SU07",405000,175000
"SU08",405000,185000
"SU09",405000,195000
"SU10",415000,105000
"SU11",415000,115000
"SU12",415000,125000
"SU13",415000,135000
"SU14",415000,145000
"SU15",415000,155000
"SU16",415000,165000
"SU17",415000,175000
"SU18",415000,185000
"SU19",415000,195000
"SU20",425000,105000
"SU21",425000,115000
"SU22",425000,125000
"SU23",425000,135000
"SU24",425000,145000
"SU25",425000,155000
"SU26",425000,165000
"SU27",425000,175000
"SU28",425000,185000
"SU29",425000,195000
"SU30",435000,105000
"SU31",435000,115000
"SU32",435000,125000
"SU33",435000,135000
"SU34",435000,145000
"SU35",435000,155000
"SU36",435000,165000
"SU37",435000,175000
"SU38",435000,185000
"SU39",435000,195000
"SU40",445000,105000
"SU41",445000,115000
"SU42",445000,125000
"SU43",445000,135000
"SU44",445000,145000
"SU45",445000,155000
"SU46",445000,165000
"SU47",445000,175000
"SU48",445000,185000
"SU49",445000,195000
"SU50",455000,105000
"SU51",455000,115000
"SU52",455000,125000
"SU53",455000,135000
"SU54",455000,145000
"SU55",455000,155000
"SU56",455000,165000
"SU57",455000,175000
"SU58",455000,185000
"SU59",455000,195000
"SU60",465000,105000
"SU61",465000,115000
"SU62",465000,125000
"SU63",465000,135000
"SU64",465000,145000
"SU65",465000,155000
"SU66",465000,165000
"SU67",465000,175000
"SU68",465000,185000
"SU69",465000,195000
"SU70",475000,105000
"SU71",475000,115000
"SU72",475000,125000
"SU73",475000,135000
"SU74",475000,145000
"SU75",475000,155000
"SU76",475000,165000
"SU77",475000,175000
"SU78",475000,185000
"SU79",475000,195000
"SU80",485000,105000
"SU81",485000,115000
"SU82",485000,125000
"SU83",485000,135000
"SU84",485000,145000
"SU85",485000,155000
"SU86",485000,165000
"SU87",485000,175000
"SU88",485000,185000
"SU89",485000,195000
"SU90",495000,105000
"SU91",495000,115000
"SU92",495000,125000
"SU93",495000,135000
"SU94",495000,145000
"SU95",495000,155000
"SU96",495000,165000
"SU97",495000,175000
"SU98",495000,185000
"SU99",495000,195000
"SV80",85000,5000
"SV81",85000,15000
"SV90",95000,5000
"SV91",95000,15000
"SW32",135000,25000
"SW33",135000,35000
"SW42",145000,25000
"SW43",145000,35000
"SW44",145000,45000
"SW52",155000,25000
"SW53",155000,35000
"SW54",155000,45000
"SW61",165000,15000
"SW62",165000,25000
"SW63",165000,35000
"SW64",165000,45000
"SW65",165000,55000
"SW71",175000,15000
"SW72",175000,25000
"SW73",175000,35000
"SW74",175000,45000
"SW75",175000,55000
"SW76",175000,65000
"SW81",185000,15000
"SW82",185000,25000
"SW83",185000,35000
"SW84",185000,45000
"SW85",185000,55000
"SW86",185000,65000
"SW87",185000,75000
"SW93",195000,35000
"SW94",195000,45000
"SW95",195000,55000
"SW96",195000,65000
"SW97",195000,75000
"SW98",195000,85000
"SX03",205000,35000
"SX04",205000,45000
"SX05",205000,55000
"SX06",205000,65000
"SX07",205000,75000
"SX08",205000,85000
"SX09",205000,95000
"SX15",215000,55000
"SX16",215000,65000
"SX17",215000,75000
"SX18",215000,85000
"SX19",215000,95000
"SX25",225000,55000
"SX26",225000,65000
"SX27",225000,75000
"SX28",225000,85000
"SX29",225000,95000
"SX35",235000,55000
"SX36",235000,65000
"SX37",235000,75000
"SX38",235000,85000
"SX39",235000,95000
"SX44",245000,45000
"SX45",245000,55000
"SX46",245000,65000
"SX47",245000,75000
"SX48",245000,85000
"SX49",245000,95000
"SX54",255000,45000
"SX55",255000,55000
"SX56",255000,65000
"SX57",255000,75000
"SX58",255000,85000
"SX59",255000,95000
"SX63",265000,35000
"SX64",265000,45000
"SX65",265000,55000
"SX66",265000,65000
"SX67",265000,75000
"SX68",265000,85000
"SX69",265000,95000
"SX73",275000,35000
"SX74",275000,45000
"SX75",275000,55000
"SX76",275000,65000
"SX77",275000,75000
"SX78",275000,85000
"SX79",275000,95000
"SX83",285000,35000
"SX84",285000,45000
"SX85",285000,55000
"SX86",285000,65000
"SX87",285000,75000
"SX88",285000,85000
"SX89",285000,95000
"SX94",295000,45000
"SX95",295000,55000
"SX96",295000,65000
"SX97",295000,75000
"SX98",295000,85000
"SX99",295000,95000
"SY07",305000,75000
"SY08",305000,85000
"SY09",305000,95000
"SY18",315000,85000
"SY19",315000,95000
"SY28",325000,85000
"SY29",325000,95000
"SY38",335000,85000
"SY39",335000,95000
"SY48",345000,85000
"SY49",345000,95000
"SY58",355000,85000
"SY59",355000,95000
"SY66",365000,65000
"SY67",365000,75000
"SY68",365000,85000
"SY69",365000,95000
"SY77",375000,75000
"SY78",375000,85000
"SY79",375000,95000
"SY87",385000,75000
"SY88",385000,85000
"SY89",385000,95000
"SY97",395000,75000
"SY98",395000,85000
"SY99",395000,95000
"SZ07",405000,75000
"SZ08",405000,85000
"SZ09",405000,95000
"SZ19",415000,95000
"SZ28",425000,85000
"SZ29",425000,95000
"SZ38",435000,85000
"SZ39",435000,95000
"SZ47",445000,75000
"SZ48",445000,85000
"SZ49",445000,95000
"SZ57",455000,75000
"SZ58",455000,85000
"SZ59",455000,95000
"SZ68",465000,85000
"SZ69",465000,95000
"SZ79",475000,95000
"SZ89",485000,95000
"SZ99",495000,95000
"TA00",505000,405000
"TA01",505000,415000
"TA02",505000,425000
"TA03",505000,435000
"TA04",505000,445000
"TA05",505000,455000
"TA06",505000,465000
"TA07",505000,475000
"TA08",505000,485000
"TA09",505000,495000
"TA10",515000,405000
"TA11",515000,415000
"TA12",515000,425000
"TA13",515000,435000
"TA14",515000,445000
"TA15",515000,455000
"TA16",515000,465000
"TA17",515000,475000
"TA18",515000,485000
"TA20",525000,405000
"TA21",525000,415000
"TA22",525000,425000
"TA23",525000,435000
"TA24",525000,445000
"TA26",525000,465000
"TA27",525000,475000
"TA30",535000,405000
"TA31",535000,415000
"TA32",535000,425000
"TA33",535000,435000
"TA40",545000,405000
"TA41",545000,415000
"TA42",545000,425000
"TF00",505000,305000
"TF01",505000,315000
"TF02",505000,325000
"TF03",505000,335000
"TF04",505000,345000
"TF05",505000,355000
"TF06",505000,365000
"TF07",505000,375000
"TF08",505000,385000
"TF09",505000,395000
"TF10",515000,305000
"TF11",515000,315000
"TF12",515000,325000
"TF13",515000,335000
"TF14",515000,345000
"TF15",515000,355000
"TF16",515000,365000
"TF17",515000,375000
"TF18",515000,385000
"TF19",515000,395000
"TF20",525000,305000
"TF21",525000,315000
"TF22",525000,325000
"TF23",525000,335000
"TF24",525000,345000
"TF25",525000,355000
"TF26",525000,365000
"TF27",525000,375000
"TF28",525000,385000
"TF29",525000,395000
"TF30",535000,305000
"TF31",535000,315000
"TF32",535000,325000
"TF33",535000,335000
"TF34",535000,345000
"TF35",535000,355000
"TF36",535000,365000
"TF37",535000,375000
"TF38",535000,385000
"TF39",535000,395000
"TF40",545000,305000
"TF41",545000,315000
"TF42",545000,325000
"TF43",545000,335000
"TF44",545000,345000
"TF45",545000,355000
"TF46",545000,365000
"TF47",545000,375000
"TF48",545000,385000
"TF49",545000,395000
"TF50",555000,305000
"TF51",555000,315000
"TF52",555000,325000
"TF53",555000,335000
"TF55",555000,355000
"TF56",555000,365000
"TF57",555000,375000
"TF58",555000,385000
"TF60",565000,305000
"TF61",565000,315000
"TF62",565000,325000
"TF63",565000,335000
"TF64",565000,345000
"TF70",575000,305000
"TF71",575000,315000
"TF72",575000,325000
"TF73",575000,335000
"TF74",575000,345000
"TF80",585000,305000
"TF81",585000,315000
"TF82",585000,325000
"TF83",585000,335000
"TF84",585000,345000
"TF90",595000,305000
"TF91",595000,315000
"TF92",595000,325000
"TF93",595000,335000
"TF94",595000,345000
"TG00",605000,305000
"TG01",605000,315000
"TG02",605000,325000
"TG03",605000,335000
"TG04",605000,345000
"TG10",615000,305000
"TG11",615000,315000
"TG12",615000,325000
"TG13",615000,335000
"TG14",615000,345000
"TG20",625000,305000
"TG21",625000,315000
"TG22",625000,325000
"TG23",625000,335000
"TG24",625000,345000
"TG30",635000,305000
"TG31",635000,315000
"TG32",635000,325000
"TG33",635000,335000
"TG40",645000,305000
"TG41",645000,315000
"TG42",645000,325000
"TG50",655000,305000
"TG51",655000,315000
"TL00",505000,205000
"TL01",505000,215000
"TL02",505000,225000
"TL03",505000,235000
"TL04",505000,245000
"TL05",505000,255000
"TL06",505000,265000
"TL07",505000,275000
"TL08",505000,285000
"TL09",505000,295000
"TL10",515000,205000
"TL11",515000,215000
"TL12",515000,225000
"TL13",515000,235000
"TL14",515000,245000
"TL15",515000,255000
"TL16",515000,265000
"TL17",515000,275000
"TL18",515000,285000
"TL19",515000,295000
"TL20",525000,205000
"TL21",525000,215000
"TL22",525000,225000
"TL23",525000,235000
"TL24",525000,245000
"TL25",525000,255000
"TL26",525000,265000
"TL27",525000,275000
"TL28",525000,285000
"TL29",525000,295000
"TL30",535000,205000
"TL31",535000,215000
"TL32",535000,225000
"TL33",535000,235000
"TL34",535000,245000
"TL35",535000,255000
"TL36",535000,265000
"TL37",535000,275000
"TL38",535000,285000
"TL39",535000,295000
"TL40",545000,205000
"TL41",545000,215000
"TL42",545000,225000
"TL43",545000,235000
"TL44",545000,245000
"TL45",545000,255000
"TL46",545000,265000
"TL47",545000,275000
"TL48",545000,285000
"TL49",545000,295000
"TL50",555000,205000
"TL51",555000,215000
"TL52",555000,225000
"TL53",555000,235000
"TL54",555000,245000
"TL55",555000,255000
"TL56",555000,265000
"TL57",555000,275000
"TL58",555000,285000
"TL59",555000,295000
"TL60",565000,205000
"TL61",565000,215000
"TL62",565000,225000
"TL63",565000,235000
"TL64",565000,245000
"TL65",565000,255000
"TL66",565000,265000
"TL67",565000,275000
"TL68",565000,285000
"TL69",565000,295000
"TL70",575000,205000
"TL71",575000,215000
"TL72",575000,225000
"TL73",575000,235000
"TL74",575000,245000
"TL75",575000,255000
"TL76",575000,265000
"TL77",575000,275000
"TL78",575000,285000
"TL79",575000,295000
"TL80",585000,205000
"TL81",585000,215000
"TL82",585000,225000
"TL83",585000,235000
"TL84",585000,245000
"TL85",585000,255000
"TL86",585000,265000
"TL87",585000,275000
"TL88",585000,285000
"TL89",585000,295000
"TL90",595000,205000
"TL91",595000,215000
"TL92",595000,225000
"TL93",595000,235000
"TL94",595000,245000
"TL95",595000,255000
"TL96",595000,265000
"TL97",595000,275000
"TL98",595000,285000
"TL99",595000,295000
"TM00",605000,205000
"TM01",605000,215000
"TM02",605000,225000
"TM03",605000,235000
"TM04",605000,245000
"TM05",605000,255000
"TM06",605000,265000
"TM07",605000,275000
"TM08",605000,285000
"TM09",605000,295000
"TM11",615000,215000
"TM12",615000,225000
"TM13",615000,235000
"TM14",615000,245000
"TM15",615000,255000
"TM16",615000,265000
"TM17",615000,275000
"TM18",615000,285000
"TM19",615000,295000
"TM21",625000,215000
"TM22",625000,225000
"TM23",625000,235000
"TM24",625000,245000
"TM25",625000,255000
"TM26",625000,265000
"TM27",625000,275000
"TM28",625000,285000
"TM29",625000,295000
"TM33",635000,235000
"TM34",635000,245000
"TM35",635000,255000
"TM36",635000,265000
"TM37",635000,275000
"TM38",635000,285000
"TM39",635000,295000
"TM44",645000,245000
"TM45",645000,255000
"TM46",645000,265000
"TM47",645000,275000
"TM48",645000,285000
"TM49",645000,295000
"TM57",655000,275000
"TM58",655000,285000
"TM59",655000,295000
"TQ00",505000,105000
"TQ01",505000,115000
"TQ02",505000,125000
"TQ03",505000,135000
"TQ04",505000,145000
"TQ05",505000,155000
"TQ06",505000,165000
"TQ07",505000,175000
"TQ08",505000,185000
"TQ09",505000,195000
"TQ10",515000,105000
"TQ11",515000,115000
"TQ12",515000,125000
"TQ13",515000,135000
"TQ14",515000,145000
"TQ15",515000,155000
"TQ16",515000,165000
"TQ17",515000,175000
"TQ18",515000,185000
"TQ19",515000,195000
"TQ20",525000,105000
"TQ21",525000,115000
"TQ22",525000,125000
"TQ23",525000,135000
"TQ24",525000,145000
"TQ25",525000,155000
"TQ26",525000,165000
"TQ27",525000,175000
"TQ28",525000,185000
"TQ29",525000,195000
"TQ30",535000,105000
"TQ31",535000,115000
"TQ32",535000,125000
"TQ33",535000,135000
"TQ34",535000,145000
"TQ35",535000,155000
"TQ36",535000,165000
"TQ37",535000,175000
"TQ38",535000,185000
"TQ39",535000,195000
"TQ40",545000,105000
"TQ41",545000,115000
"TQ42",545000,125000
"TQ43",545000,135000
"TQ44",545000,145000
"TQ45",545000,155000
"TQ46",545000,165000
"TQ47",545000,175000
"TQ48",545000,185000
"TQ49",545000,195000
"TQ50",555000,105000
"TQ51",555000,115000
"TQ52",555000,125000
"TQ53",555000,135000
"TQ54",555000,145000
"TQ55",555000,155000
"TQ56",555000,165000
"TQ57",555000,175000
"TQ58",555000,185000
"TQ59",555000,195000
"TQ60",565000,105000
"TQ61",565000,115000
"TQ62",565000,125000
"TQ63",565000,135000
"TQ64",565000,145000
"TQ65",565000,155000
"TQ66",565000,165000
"TQ67",565000,175000
"TQ68",565000,185000
"TQ69",565000,195000
"TQ70",575000,105000
"TQ71",575000,115000
"TQ72",575000,125000
"TQ73",575000,135000
"TQ74",575000,145000
"TQ75",575000,155000
"TQ76",575000,165000
"TQ77",575000,175000
"TQ78",575000,185000
"TQ79",575000,195000
"TQ80",585000,105000
"TQ81",585000,115000
"TQ82",585000,125000
"TQ83",585000,135000
"TQ84",585000,145000
"TQ85",585000,155000
"TQ86",585000,165000
"TQ87",585000,175000
"TQ88",585000,185000
"TQ89",585000,195000
"TQ91",595000,115000
"TQ92",595000,125000
"TQ93",595000,135000
"TQ94",595000,145000
"TQ95",595000,155000
"TQ96",595000,165000
"TQ97",595000,175000
"TQ98",595000,185000
"TQ99",595000,195000
"TR01",605000,115000
"TR02",605000,125000
"TR03",605000,135000
"TR04",605000,145000
"TR05",605000,155000
"TR06",605000,165000
"TR07",605000,175000
"TR09",605000,195000
"TR12",615000,125000
"TR13",615000,135000
"TR14",615000,145000
"TR15",615000,155000
"TR16",615000,165000
"TR23",625000,135000
"TR24",625000,145000
"TR25",625000,155000
"TR26",625000,165000
"TR27",625000,175000
"TR33",635000,135000
"TR34",635000,145000
"TR35",635000,155000
"TR36",635000,165000
"TR37",635000,175000
"TR46",645000,165000
"TR47",645000,175000
"TV49",545000,95000
"TV59",555000,95000
"TV69",565000,95000
"HW63",165000,1035000
"HX51",255000,1015000
"HY35",335000,1055000
"NA64",65000,945000
"NA74",75000,945000
"NA81",85000,915000
"NA90",95000,905000
"NB40",145000,905000
"NF56",55000,865000
"NF61",65000,815000
"NF80",85000,805000
"NF89",85000,895000
"NG13",115000,835000
"NG38",135000,885000
"NG39",135000,895000
"NG66",165000,865000
"NL57",55000,775000
"NL58",55000,785000
"NL68",65000,785000
"NR51",155000,615000
"NS00",205000,605000
"NS22",225000,625000
"NX23",225000,535000
"SM50",155000,205000
"SX14",215000,45000
"TR08",605000,185000
